{"cameraMode":{"drawMode":0,"name":"Shaded","section":"Shading Mode"},"sceneLighting":true,"audioPlay":false,"sceneViewState":{"showFog":true,"showMaterialUpdate":false,"showSkybox":true,"showFlares":true,"showImageEffects":true,"showParticleSystems":true},"in2DMode":false,"pivot":{"x":46.54999923706055,"y":84.04999542236328,"z":123.15362548828125},"rotation":{"x":0.23879209160804749,"y":-0.34061533212661745,"z":0.08988529443740845,"w":0.9049263000488281},"size":12.28216552734375,"orthographic":true}