{"cameraMode":{"drawMode":0,"name":"Shaded","section":"Shading Mode"},"sceneLighting":true,"audioPlay":false,"sceneViewState":{"showFog":true,"showMaterialUpdate":false,"showSkybox":true,"showFlares":true,"showImageEffects":true,"showParticleSystems":true},"in2DMode":false,"pivot":{"x":43.81654357910156,"y":100.25648498535156,"z":116.12959289550781},"rotation":{"x":0.13988237082958222,"y":-0.1710720658302307,"z":-0.0245419479906559,"w":-0.9749734997749329},"size":0.723236083984375,"orthographic":false}