{"cameraMode":{"drawMode":0,"name":"Shaded","section":"Shading Mode"},"sceneLighting":true,"audioPlay":false,"sceneViewState":{"showFog":true,"showMaterialUpdate":false,"showSkybox":true,"showFlares":true,"showImageEffects":true,"showParticleSystems":true},"in2DMode":false,"pivot":{"x":45.80011749267578,"y":92.05870056152344,"z":121.4908447265625},"rotation":{"x":0.24601486325263978,"y":0.05666333809494972,"z":-0.014407278969883919,"w":0.9675084948539734},"size":13.642878532409668,"orthographic":false}