{"cameraMode":{"drawMode":0,"name":"Shaded","section":"Shading Mode"},"sceneLighting":true,"audioPlay":false,"sceneViewState":{"showFog":true,"showMaterialUpdate":false,"showSkybox":true,"showFlares":true,"showImageEffects":true,"showParticleSystems":true},"in2DMode":false,"pivot":{"x":44.65380859375,"y":96.947021484375,"z":115.6484375},"rotation":{"x":0.1420487016439438,"y":-0.27663910388946535,"z":0.04138560965657234,"w":0.9495161175727844},"size":7.286242485046387,"orthographic":true}