{"cameraMode":{"drawMode":0,"name":"Shaded","section":"Shading Mode"},"sceneLighting":true,"audioPlay":false,"sceneViewState":{"showFog":true,"showMaterialUpdate":true,"showSkybox":true,"showFlares":true,"showImageEffects":true,"showParticleSystems":true},"in2DMode":false,"pivot":{"x":44.96878433227539,"y":96.90164947509766,"z":112.25375366210938},"rotation":{"x":0.48736658692359927,"y":0.009168275631964207,"z":-0.005117463879287243,"w":0.8731345534324646},"size":3.387103796005249,"orthographic":false}