{"cameraMode":{"drawMode":0,"name":"Shaded","section":"Shading Mode"},"sceneLighting":true,"audioPlay":false,"sceneViewState":{"showFog":true,"showMaterialUpdate":false,"showSkybox":true,"showFlares":true,"showImageEffects":true,"showParticleSystems":true},"in2DMode":false,"pivot":{"x":41.36486053466797,"y":99.03577423095703,"z":113.02802276611328},"rotation":{"x":0.08999355882406235,"y":-0.6205102205276489,"z":0.07198938727378845,"w":0.7756956815719605},"size":14.030583381652832,"orthographic":false}