{"cameraMode":{"drawMode":0,"name":"Shaded","section":"Shading Mode"},"sceneLighting":true,"audioPlay":false,"sceneViewState":{"showFog":true,"showMaterialUpdate":false,"showSkybox":true,"showFlares":true,"showImageEffects":true,"showParticleSystems":true},"in2DMode":false,"pivot":{"x":44.47119140625,"y":101.95777130126953,"z":116.9383316040039},"rotation":{"x":0.12701937556266786,"y":0.8546054363250732,"z":-0.24759720265865327,"w":0.4384196400642395},"size":0.6484352350234985,"orthographic":true}